base	events
1	10
2	21
3	24
4	31
5	9
6	6
7	14
8	11
9	10
10	16
11	15
12	14
13	46
14	32
15	14
16	6
17	6
18	4
19	5
20	1
21	5
22	4
23	9
24	5
25	3
26	3
27	1
28	5
29	3
30	5
31	2
32	3
33	5
34	2
35	8
36	18
37	23
38	25
39	13
40	19
41	18
42	13
43	7
44	18
45	4
46	3
47	6
48	6
49	18
50	4
51	8
52	4
53	11
54	16
55	9
56	6
57	4
58	2
59	6
60	6
61	6
62	13
63	5
64	3
65	22
66	5
67	3
68	3
69	2
70	2
71	1
74	2
75	1
76	7
78	1
79	5
80	1
81	2
84	1
86	13
88	2
89	1
90	1
97	1
98	1
99	2
100	2
101	5
102	3
103	2
105	1
106	2
109	62
110	1
112	13
114	2
116	3
119	1
120	7
121	7
122	3
123	9
124	6
125	2
126	2
127	1
128	4
131	2
132	5
133	13
134	1
136	2
137	1
138	2
140	2
141	1
145	1
148	1
150	7
154	1
156	1
160	4
164	2
166	4
170	1
171	8
172	15
173	6
175	1
177	1
179	3
180	1
182	1
183	1
184	1
186	1
187	1
190	2
196	5
198	2
199	1
200	2
203	12
205	1
208	20
210	5
211	1
214	8
217	4
219	1
220	3
221	1
223	9
226	2
228	2
229	1
230	18
232	3
235	6
238	1
241	14
243	1
244	44
245	3
246	1
247	3
250	1
251	1
253	8
254	6
256	1
259	2
262	3
263	1
265	5
267	1
268	1
269	2
274	17
277	1
278	1
280	1
282	2
283	1
286	8
287	4
289	8
290	6
292	1
293	2
295	2
298	2
302	12
304	10
305	2
306	1
307	4
308	2
310	11
313	12
315	1
316	3
318	4
319	9
320	3
322	3
323	3
324	1
325	13
327	1
328	15
330	2
331	2
334	6
335	14
336	1
337	10
339	13
340	14
341	1
342	1
343	15
346	8
349	9
351	8
352	9
353	2
355	7
356	4
357	1
358	4
361	3
362	1
363	16
364	12
368	21
370	7
371	2
372	6
373	24
374	5
375	8
376	3
377	2
378	3
379	4
380	2
381	1
382	11
383	2
384	3
385	8
388	16
390	3
391	6
393	5
395	1
397	26
398	4
399	3
400	6
401	8
402	3
403	15
404	3
405	1
406	3
407	4
409	14
410	9
412	32
416	5
418	12
419	12
420	2
421	5
422	1
424	30
427	9
428	6
429	13
430	11
431	12
433	2
434	3
436	30
439	17
442	13
443	14
445	3
448	41
449	2
450	1
451	7
452	1
453	1
454	5
455	1
456	1
457	12
460	4
463	4
465	1
466	13
468	2
469	24
470	1
473	5
475	5
476	1
478	29
479	6
480	8
481	18
483	1
484	11
485	1
486	1
487	9
490	3
491	1
492	1
493	2
496	4
498	1
499	14
500	5
502	1
503	1
504	1
505	14
506	13
508	3
511	39
513	1
514	6
515	2
516	4
517	9
518	6
519	2
520	13
521	9
522	17
523	8
525	1
526	13
527	5
528	2
529	10
532	18
533	1
535	1
538	18
540	1
541	12
542	1
544	22
545	1
547	12
550	13
551	1
553	1
556	24
557	9
559	8
562	1
565	5
566	8
568	26
571	4
574	7
577	9
580	5
581	3
582	1
583	3
586	14
587	1
589	13
592	4
595	15
596	2
598	20
599	11
600	10
601	14
604	19
605	3
606	2
607	6
608	1
609	2
610	15
611	5
612	8
613	13
616	6
619	4
622	1
625	17
626	4
628	5
631	18
634	18
640	20
642	1
643	13
644	4
645	2
646	13
649	11
650	2
652	13
653	3
655	4
657	1
658	1
659	1
661	5
662	1
664	10
667	7
670	6
671	1
673	15
675	1
676	15
677	2
678	2
679	18
680	2
681	1
682	3
683	1
684	3
685	13
687	1
688	20
689	2
690	4
691	7
692	2
693	1
694	14
695	4
696	1
697	5
698	2
699	1
700	4
702	2
703	27
704	1
705	5
706	7
709	8
712	13
713	1
715	11
718	4
719	14
721	12
724	18
727	1
729	1
730	23
731	3
732	2
733	15
736	10
737	1
739	10
742	20
743	21
745	14
748	5
751	3
753	1
754	1
755	8
757	29
760	3
762	1
763	10
768	1
772	13
773	1
774	1
775	12
778	7
779	1
781	26
782	2
784	14
789	11
790	3
792	2
793	11
794	3
796	5
799	4
800	1
801	26
802	6
805	11
806	1
808	8
810	5
811	16
816	10
817	28
818	15
820	7
821	9
823	4
826	12
829	1
830	1
832	7
835	12
837	2
838	10
839	2
840	1
841	4
842	4
843	11
844	9
847	36
848	43
850	22
851	1
853	20
854	33
856	6
859	9
860	2
862	10
863	6
864	7
865	17
866	1
868	1
871	6
872	1
874	1
877	12
878	2
879	1
880	24
881	1
882	1
883	17
886	4
889	3
891	1
892	13
893	5
894	3
895	20
896	2
898	20
901	18
902	2
904	15
905	22
907	3
908	13
910	12
911	2
913	1
914	7
915	1
916	4
918	2
919	19
920	1
922	10
925	5
926	1
927	1
928	10
929	1
932	1
934	10
938	3
940	7
943	32
946	9
947	1
949	3
950	3
955	16
956	1
957	5
958	12
961	9
964	7
967	23
970	6
971	1
973	4
976	3
977	14
978	1
979	7
982	5
983	1
985	2
988	7
989	2
991	23
994	1
995	3
997	13
998	1
1000	13
1001	1
1003	7
1005	1
1006	18
1007	21
1009	6
1012	13
1015	6
1018	1
1021	12
1024	24
1025	5
1027	11
1028	2
1029	1
1030	23
1032	3
1033	15
1034	1
1036	1
1039	9
1040	1
1041	2
1042	4
1043	7
1044	1
1045	29
1048	3
1051	1
1054	9
1055	23
1057	5
1058	1
1060	9
1063	7
1066	1
1067	1
1069	17
1070	21
1072	12
1074	1
1075	6
1076	1
1078	15
1081	12
1084	12
1085	3
1086	3
1087	12
1088	8
1089	4
1090	14
1091	2
1093	10
1095	2
1096	16
1097	22
1099	15
1100	16
1102	8
1104	2
1105	13
1107	2
1109	15
1111	11
1112	1
1114	18
1116	1
1117	10
1118	1
1119	1
1120	3
1121	1
1122	2
1123	46
1124	1
1125	1
1126	4
1128	1
1132	1
1133	1
1135	25
1137	2
1138	14
1141	16
1142	2
1144	30
1145	1
1147	16
1149	1
1150	8
1151	3
1153	4
1156	10
1158	1
1159	5
1160	2
1162	1
1165	5
1168	4
1171	3
1174	27
1175	4
1177	6
1178	23
1179	1
1180	10
1181	3
1182	3
1183	4
1184	2
1185	2
1186	3
1187	2
1188	3
1189	4
1190	1
1191	1
1192	14
1195	6
1196	6
1197	1
1198	12
1199	1
1200	4
1201	9
1203	1
1204	9
1207	5
1210	11
1213	10
1214	1
1216	5
1217	1
1218	1
1219	9
1220	16
1222	18
1224	1
1225	3
1227	1
1228	18
1229	1
1231	1
1234	14
1240	28
1243	10
1244	1
1245	1
1246	28
1249	10
1251	1
1252	13
1253	3
1255	14
1258	25
1259	1
1260	1
1261	9
1264	14
1267	14
1269	1
1270	14
1271	19
1273	13
1274	12
1275	1
1276	10
1278	1
1279	10
1282	6
1284	3
1285	37
1286	2
1288	4
1291	34
1294	6
1296	1
1297	15
1298	3
1299	1
1300	5
1301	1
1302	1
1303	5
1305	3
1306	3
1307	16
1309	15
1310	2
1312	6
1315	5
1318	9
1319	1
1320	11
1321	1
1324	17
1327	10
1328	7
1330	3
1333	7
1336	13
1337	17
1339	13
1341	1
1342	6
1345	19
1346	2
1348	7
1349	3
1350	1
1351	8
1352	5
1354	3
1357	18
1359	1
1360	17
1361	1
1363	18
1365	1
1366	7
1368	4
1369	10
1371	2
1372	6
1374	1
1375	5
1378	5
1379	3
1380	1
1381	18
1383	1
1384	13
1385	2
1386	2
1387	17
1388	1
1389	1
1390	12
1393	19
1394	3
1395	2
1396	11
1398	3
1399	35
1400	1
1401	4
1403	2
1404	2
1405	6
1408	4
1411	10
1413	1
1414	3
1416	9
1417	12
1418	3
1420	9
1422	12
1423	35
1424	1
1429	2
1430	1
1432	19
1435	1
1436	1
1438	3
1439	1
1440	2
1441	64
1442	4
1443	1
1444	8
1445	5
1447	12
1450	3
1451	3
1455	2
1456	5
1457	5
1459	4
1460	3
1461	2
1462	35
1463	1
1464	2
1465	7
1468	11
1471	5
1472	8
1473	2
1474	11
1475	3
1477	38
1478	3
1479	1
1480	2
1481	34
1482	1
1483	6
1486	18
1489	18
1492	4
1494	1
1495	15
1496	2
1497	1
1498	4
1501	6
1504	9
1505	13
1507	12
1508	1
1510	11
1513	44
1515	2
1516	7
1519	8
1521	1
1523	2
1524	1
1525	3
1526	13
1528	8
1529	9
1531	9
1533	1
1534	6
1538	1
1539	1
1540	1
1541	9
1542	10
1543	4
1545	4
1546	11
1549	4
1553	4
1555	13
1558	15
1561	12
1563	1
1564	6
1567	2
1569	1
1570	1
1573	8
1574	15
1576	17
1579	9
1580	16
1582	8
1585	6
1586	11
1588	3
1589	1
1591	13
1597	21
1598	6
1600	22
1602	1
1603	15
1604	5
1605	3
1606	15
1607	4
1608	1
1609	3
1612	5
1613	11
1614	5
1615	17
1617	2
1618	8
1620	2
1621	8
1622	1
1623	3
1624	13
1628	1
1630	22
1633	6
1634	2
1635	2
1636	6
1637	2
1638	1
1639	12
1640	17
1642	7
1643	20
1645	11
1648	16
1649	1
1651	9
1654	30
1655	2
1657	4
1660	2
1663	14
1666	13
1669	7
1672	7
1675	7
1677	2
1678	8
1680	1
1681	3
1684	23
1687	19
1690	16
1691	10
1693	10
1696	3
1699	11
1702	6
1705	4
1706	1
1707	1
1708	7
1711	2
1716	1
1717	14
1720	21
1723	6
1724	23
1726	2
1727	1
1728	1
1729	10
1730	3
1732	12
1733	1
1734	1
1735	10
1736	1
1737	3
1738	8
1740	2
1741	5
1742	2
1744	8
1746	1
1747	3
1748	1
1749	8
1750	16
1751	1
1752	1
1753	10
1755	2
1756	1
1759	12
1762	5
1764	1
1765	5
1766	1
1768	23
1769	3
1770	4
1771	18
1772	2
1773	1
1774	4
1775	2
1776	1
1777	13
1778	2
1780	14
1781	18
1782	1
1783	8
1786	8
1787	2
1788	1
1789	23
1790	2
1792	6
1793	20
1795	3
1797	5
1798	11
1799	5
1800	4
1801	4
1802	3
1803	2
1804	27
1806	3
1807	3
1808	11
1810	7
1811	2
1812	2
1813	13
1814	13
1816	16
1817	1
1818	1
1819	28
1822	12
1823	9
1824	8
1825	12
1826	1
1827	1
1828	2
1829	1
1830	2
1831	10
1832	2
1834	11
1840	10
1842	2
1843	3
1844	1
1846	18
1847	11
1848	5
1849	4
1852	22
1854	1
1855	5
1856	18
1857	1
1858	9
1860	1
1861	6
1862	1
1864	5
1867	3
1868	6
1869	1
1870	3
1871	1
1872	1
1873	10
1875	1
1876	5
1879	16
1882	14
1885	7
1888	3
1891	19
1892	6
1893	1
1894	18
1895	26
1896	1
1897	8
1898	2
1899	3
1900	6
1902	2
1903	6
1904	3
1905	1
1906	18
1907	2
1908	3
1909	10
1910	1
1911	2
1912	20
1915	1
1916	2
1918	3
1919	9
1920	1
1921	2
1922	1
1924	19
1926	5
1927	12
1930	3
1933	14
1936	2
1939	18
1942	27
1943	8
1944	2
1945	15
1946	7
1947	47
1948	18
1949	9
1950	8
1951	16
1952	2
1954	4
1955	1
1957	9
1959	10
1960	8
1961	1
1962	6
1963	24
1966	5
1967	4
1968	10
1969	27
1970	10
1971	12
1972	16
1973	3
1974	2
1975	4
1977	3
1978	7
1981	8
1982	1
1984	5
1985	13
1987	11
1988	1
1993	4
1995	1
1996	24
1999	11
2001	1
2002	22
2003	1
2004	2
2006	1
2007	1
2008	27
2009	2
2010	2
2011	5
2012	1
2013	1
2014	13
2015	1
2016	5
2017	4
2018	1
2019	4
2020	4
2022	2
2023	7
2024	3
2026	1
2027	4
2029	9
2030	1
2031	1
2032	14
2033	1
2035	5
2038	7
2039	3
2040	1
2041	10
2042	1
2044	7
2047	7
2050	19
2053	6
2056	11
2058	1
2059	1
2062	20
2063	3
2064	1
2065	6
2066	1
2068	25
2069	6
2070	2
2071	11
2072	6
2074	4
2077	7
2078	1
2079	11
2080	12
2081	1
2083	11
2084	6
2085	12
2086	4
2088	1
2089	5
2090	10
2091	3
2092	6
2093	14
2095	3
2098	2
2099	9
2101	9
2102	6
2103	3
2104	11
2105	2
2106	1
2107	7
2108	12
2109	2
2110	8
2111	7
2112	7
2113	9
2114	1
2115	18
2116	7
2119	5
2122	13
2124	3
2125	10
2126	1
2131	13
2134	2
2138	5
2140	13
2142	1
2143	11
2146	14
2149	21
2151	1
2152	8
2153	1
2155	8
2156	1
2157	1
2158	3
2161	9
2162	2
2164	4
2167	4
2173	16
2176	15
2177	13
2179	6
2182	9
2183	2
2184	1
2185	6
2186	1
2187	2
2188	26
2191	1
2197	6
2200	12
2203	14
2206	18
2207	4
2209	8
2212	5
2215	6
2216	5
2217	1
2218	8
2219	3
2221	27
2222	1
2224	15
2227	15
2228	10
2229	5
2230	17
2231	2
2233	4
2235	2
2236	9
2237	20
2238	1
2239	10
2240	11
2241	2
2242	19
2244	1
2245	14
2248	8
2249	4
2250	1
2251	17
2252	1
2254	9
2257	14
2258	6
2259	1
2260	15
2263	10
2266	11
2269	7
2270	2
2272	18
2273	10
2275	5
2278	20
2280	2
2281	12
2284	14
2285	2
2286	1
2287	10
2288	1
2289	1
2290	18
2294	1
2295	3
2296	12
2302	7
2303	2
2308	3
2309	1
2310	1
2311	1
2314	9
2315	5
2316	2
2317	13
2318	12
2320	6
2321	13
2323	5
2326	4
2330	20
2332	15
2335	6
2336	9
2338	16
2339	1
2341	14
2342	1
2344	1
2347	1
2349	3
2350	7
2351	6
2352	2
2353	6
2356	13
2357	5
2359	17
2362	8
2363	1
2365	1
2367	3
2368	9
2369	1
2370	1
2371	6
2372	3
2374	13
2375	3
2376	13
2377	7
2380	16
2383	18
2384	11
2386	6
2387	5
2388	1
2389	19
2392	7
2393	8
2395	6
2398	7
2399	10
2401	3
2403	1
2404	4
2406	8
2407	14
2408	1
2409	1
2413	16
2415	2
2416	6
2418	2
2419	11
2422	19
2423	3
2424	4
2425	17
2427	1
2428	7
2430	1
2431	11
2432	1
2433	4
2434	22
2435	9
2437	23
2440	19
2444	2
2445	4
2446	17
2448	1
2449	13
2450	1
2452	3
2455	4
2458	20
2459	1
2460	1
2461	12
2464	2
2467	2
2469	2
2470	12
2473	9
2476	19
2479	7
2482	9
2485	25
2488	7
2489	1
2490	1
2491	6
2494	27
2497	14
2498	2
2500	24
2506	1
2509	6
2511	1
2512	1
2515	21
2517	2
2518	3
2521	13
2524	14
2525	1
2527	6
2530	10
2531	1
2533	8
2534	1
2536	20
2538	1
2539	13
2540	1
2541	1
2542	6
2543	9
2544	1
2545	10
2546	2
2548	1
2549	7
2550	1
2551	7
2552	2
2553	1
2554	9
2557	13
2558	1
2559	1
2560	10
2562	3
2563	17
2565	2
2566	10
2567	1
2569	1
2570	1
2571	1
2572	8
2573	1
2574	1
2575	18
2576	1
2578	8
2581	6
2584	8
2587	5
2588	4
2590	15
2591	2
2593	3
2596	4
2597	3
2598	5
2599	7
2600	2
2602	19
2603	1
2605	11
2608	14
2611	8
2613	1
2614	10
2615	5
2616	1
2617	19
2621	1
2625	3
2626	4
2629	7
2632	3
2633	1
2634	4
2635	2
2637	2
2638	4
2641	4
2642	12
2644	4
2645	1
2647	6
2648	4
2650	12
2653	16
2654	14
2656	11
2657	1
2659	10
2661	1
2662	5
2665	1
2666	4
2667	5
2668	16
2669	2
2670	1
2671	4
2672	1
2674	4
2675	14
2677	17
2678	1
2680	1
2683	5
2684	3
2686	19
2688	3
2689	21
2692	1
2693	4
2694	2
2695	15
2696	1
2697	11
2698	21
2699	9
2700	14
2701	7
2702	2
2704	9
2705	2
2707	20
2708	8
2710	5
2711	10
2712	10
2713	19
2716	18
2719	222
2720	2
2721	4
2722	23
2724	1
2725	21
2726	2
2727	5
2728	1
2729	5
2730	1
2731	18
2732	1
2733	6
2734	13
2737	4
2740	6
2743	8
2745	1
2749	7
2750	24
2752	13
2754	2
2755	3
2756	3
2758	14
2761	16
2766	2
2767	1
2769	6
2770	20
2772	1
2773	1
2775	1
2776	4
2778	1
2779	15
2780	1
2781	2
2782	21
2785	6
2786	7
2787	2
2788	16
2789	1
2791	4
2792	2
2793	3
2794	15
2796	1
2797	6
2800	22
2801	7
2802	19
2803	18
2806	7
2809	27
2810	17
2811	9
2812	23
2815	13
2818	27
2821	14
2824	22
2827	20
2828	1
2830	9
2831	1
2832	3
2833	5
2834	5
2835	3
2836	23
2839	13
2840	4
2841	3
2842	12
2845	6
2847	2
2848	16
2849	8
2851	25
2852	5
2854	8
2855	13
2856	3
2857	22
2859	3
2860	7
2861	2
2862	2
2863	6
2864	2
2866	22
2868	1
2869	1
2872	9
2873	1
2875	20
2877	1
2881	4
2884	13
2885	1
2886	1
2887	10
2889	1
2890	12
2891	1
2893	14
2896	10
2899	7
2902	3
2903	4
2905	15
2908	12
2910	1
2911	9
2914	2
2917	11
2918	1
2920	2
2921	1
2924	24
2926	9
2928	3
2929	4
2930	14
2932	2
2935	15
2937	1
2938	17
2939	1
2940	1
2941	11
2942	21
2943	3
2944	17
2947	10
2950	5
2951	4
2952	8
2953	10
2956	4
2959	15
2960	2
2961	1
2962	22
2963	2
2965	15
2966	27
2968	12
2969	1
2970	1
2974	7
2975	1
2976	1
2977	14
2979	2
2980	4
2983	19
2985	2
2986	12
2987	1
2989	9
2992	10
2994	5
2995	8
2998	2
2999	2
3001	17
3004	11
3007	8
3010	9
3016	13
3019	16
3023	1
3024	2
3025	4
3026	1
3028	5
3031	7
3034	2
3036	2
3037	3
3040	17
3043	5
3046	13
3051	2
3052	3
3053	18
3055	12
3056	5
3057	4
3058	7
3059	1
3060	7
3061	2
3064	12
3067	18
3068	1
3070	16
3076	5
3077	1
3079	28
3082	12
3083	1
3084	1
3085	9
3088	22
3089	13
3090	14
3091	24
3097	12
3098	1
3099	4
3100	4
3103	22
3106	10
3109	14
3110	8
3112	6
3118	18
3119	1
3121	9
3124	3
3127	20
3128	18
3129	1
3130	2
3133	3
3134	2
3136	4
3139	8
3143	8
3144	2
3145	1
3146	1
3148	15
3151	2
3154	5
3155	4
3156	9
3157	16
3158	2
3159	2
3160	7
3163	4
3166	3
3169	3
3170	6
3171	18
3172	2
3175	18
3176	1
3178	7
3181	14
3184	11
3185	15
3186	1
3187	10
3190	4
3191	2
3193	4
3196	8
3197	1
3199	20
3200	2
3201	3
3202	21
3205	3
3209	2
3210	4
3211	18
3212	2
3213	4
3214	4
3217	13
3220	8
3226	12
3227	13
3229	8
3230	1
3232	19
3234	1
3235	4
3236	21
3237	1
3238	5
3241	2
3242	18
3244	9
3247	17
3250	5
3251	14
3252	6
3253	20
3254	9
3256	8
3259	5
3262	8
3264	1
3265	24
3268	9
3271	13
3272	1
3274	16
3275	5
3277	11
3278	3
3280	13
3282	1
3283	4
3285	1
3286	4
3287	2
3288	2
3289	20
3292	6
3295	3
3296	5
3297	4
3298	25
3299	4
3301	13
3304	17
3305	3
3307	3
3310	15
3311	1
3313	15
3314	3
3315	1
3316	6
3317	1
3318	1
3319	20
3320	1
3321	2
3322	2
3323	1
3325	2
3326	1
3327	1
3328	18
3329	1
3331	4
3334	15
3337	10
3338	2
3339	11
3340	1
3341	2
3342	1
3343	17
3346	7
3349	2
3350	1
3355	15
3358	20
3360	1
3361	1
3364	8
3367	29
3370	12
3371	14
3372	1
3373	4
3376	9
3379	26
3380	23
3382	5
3385	28
3386	1
3387	3
3388	14
3389	1
3390	12
3391	2
3392	1
3393	1
3394	5
3397	2
3398	1
3400	9
3403	12
3406	22
3412	16
3415	30
3421	5
3422	1
3424	14
3430	7
3431	6
3432	1
3433	24
3434	1
3435	2
3436	10
3438	2
3439	6
3440	1
3441	4
3442	14
3444	1
3445	7
3448	6
3451	13
3452	16
3454	8
3455	2
3457	23
3459	6
3460	12
3463	7
3464	3
3465	1
3466	2
3468	2
3469	14
3472	15
3475	9
3477	1
3478	9
3479	6
3480	9
3481	2
3482	1
3483	1
3484	12
3485	1
3487	4
3488	5
3490	9
3492	1
3493	21
3494	1
3495	6
3496	15
3497	4
3499	16
3501	1
3502	2
3503	13
3505	18
3508	3
3509	13
3510	1
3511	16
3512	13
3513	1
3514	10
3517	16
3518	8
3519	8
3520	11
3521	1
3523	3
3524	1
3526	1
3527	5
3528	1
3529	3
3530	6
3531	1
3532	14
3535	6
3538	10
3541	11
3545	1
3546	3
3547	1
3550	23
3552	2
3553	2
3555	1
3558	7
3559	18
3560	1
3561	9
3562	24
3564	5
3565	8
3567	2
3569	10
3574	3
3575	3
3576	12
3577	10
3578	1
3579	1
3580	4
3581	1
3582	2
3583	3
3584	23
3585	1
3586	6
3587	1
3588	18
3589	11
3590	1
3591	3
3592	11
3593	6
3595	18
3596	16
3597	1
3598	7
3599	3
3600	1
3601	12
3602	2
3603	1
3604	16
3605	6
3606	7
3607	1
3608	7
3609	3
3610	4
3612	1
3613	4
3614	1
3616	8
3617	16
3618	1
3619	4
3622	5
3627	4
3628	9
3631	10
3632	13
3634	4
3635	3
3636	8
3637	18
3640	11
3641	15
3642	4
3643	6
3645	1
3646	13
3648	2
3649	11
3652	2
3653	3
3654	1
3655	7
3658	3
3660	1
3661	33
3663	4
3664	27
3665	2
3666	10
3667	17
3668	1
3669	6
3670	11
3672	1
3673	8
3674	2
3675	12
3676	10
3677	2
3678	1
3679	1
3680	1
3682	6
3683	2
3684	3
3685	1
3686	1
3688	4
3690	5
3691	8
3692	1
3694	17
3695	5
3697	7
3698	8
3700	7
3703	20
3704	18
3706	12
3711	2
3712	31
3713	2
3715	16
3716	4
3718	23
3720	6
3721	1
3722	6
3724	3
3725	3
3727	3
3730	13
3734	7
3735	2
3736	21
3737	1
3739	14
3740	4
3742	15
3745	14
3746	14
3748	13
3749	16
3750	1
3751	17
3752	3
3754	17
3755	1
3756	3
3757	10
3758	1
3759	5
3760	8
3761	15
3763	4
3766	3
3768	1
3769	13
3772	2
3775	14
3776	4
3778	20
3781	19
3782	1
3784	13
3785	4
3787	18
3789	1
3790	14
3791	8
3792	1
3793	8
3794	2
3796	4
3797	11
3799	6
3800	1
3801	2
3802	14
3803	10
3804	2
3805	14
3806	11
3807	2
3808	8
3809	2
3811	2
3813	7
3814	13
3815	7
3816	9
3817	9
3819	2
3820	12
3821	8
3822	2
3823	11
3826	8
3827	2
3828	8
3829	9
3831	1
3832	12
3833	20
3834	1
3835	14
3838	9
3841	8
3842	13
3844	24
3846	1
3847	6
3849	1
3850	12
3851	1
3852	1
3853	4
3854	4
3855	3
3856	12
3859	7
3861	1
3862	1
3865	16
3868	27
3873	1
3874	12
3875	7
3877	17
3879	2
3880	1
3881	6
3883	15
3884	16
3886	2
3887	1
3888	4
3889	14
3891	1
3892	16
3893	1
3895	17
3898	11
3899	7
3900	5
3901	3
3902	23
3904	16
3905	1
3907	3
3908	21
3910	9
3914	2
3915	9
3916	33
3917	8
3918	2
3919	13
3920	17
3922	8
3923	17
3925	13
3927	1
3928	19
3929	23
3931	12
3934	6
3937	35
3938	10
3940	11
3942	7
3943	5
3944	1
3946	6
3947	4
3948	2
3949	13
3950	27
3951	3
3952	16
3953	4
3954	1
3955	10
3956	32
3958	10
3959	1
3961	22
3963	7
3964	17
3965	1
3967	5
3968	1
3972	2
3973	9
3974	1
3975	2
3976	4
3977	4
3978	7
3979	10
3980	2
3981	1
3982	38
3983	1
3984	2
3985	1
3986	12
3987	19
3988	7
3989	16
3991	11
3994	8
3995	4
3996	2
3997	19
3998	6
3999	8
4000	13
4001	1
4003	18
4006	11
4007	21
4008	6
4009	10
4012	24
4013	12
4014	1
4015	14
4016	1
4018	11
4019	11
4021	12
4023	1
4024	30
4027	8
4030	17
4033	11
4034	1
4035	1
4036	3
4039	4
4042	7
4043	1
4044	1
4045	3
4049	1
4051	9
4052	1
4054	10
4057	8
4058	12
4060	19
4061	18
4063	4
4066	2
4068	1
4069	15
4070	13
4072	10
4075	3
4077	1
4078	17
4081	2
4082	1
4084	6
4085	19
4086	3
4087	3
4088	3
4090	18
4094	3
4095	3
4096	9
4097	11
4099	49
4100	1
4102	2
4103	10
4104	1
4105	7
4108	6
4109	1
4110	2
4111	22
4112	5
4113	9
4114	1
4115	1
4117	23
4118	1
4122	1
4123	4
4125	1
4126	23
4128	14
4129	7
4132	22
4138	22
4139	8
4141	22
4144	3
4145	1
4147	6
4148	1
4149	1
4150	3
4151	2
4152	2
4153	29
4154	1
4155	2
4156	1
4157	1
4158	1
4159	18
4160	5
4161	3
4162	11
4163	1
4165	5
4166	2
4167	1
4168	2
4169	1
4170	2
4171	20
4174	15
4175	1
4177	18
4178	12
4180	7
4181	16
4183	5
4186	22
4187	5
4190	5
4191	1
4192	17
4193	10
4194	1
4195	45
4197	1
4198	11
4199	4
4201	3
4203	1
4204	9
4207	10
4210	28
4211	18
4213	11
4216	20
4218	1
4219	16
4222	6
4223	18
4225	7
4226	6
4227	4
4228	3
4229	1
4231	11
4237	16
4238	2
4239	1
4241	15
4243	11
4244	2
4246	4
4247	3
4248	2
4249	10
4251	1
4252	9
4254	1
4255	10
4258	30
4259	1
4260	1
4261	3
4262	1
4264	20
4267	9
4269	3
4270	10
4273	14
4274	1
4276	28
4279	15
4280	18
4282	7
4284	4
4285	6
4286	24
4288	6
4291	7
4293	3
4294	3
4295	5
4296	2
4297	21
4298	1
4299	1
4300	6
4301	3
4302	5
4303	8
4304	4
4306	19
4307	2
4308	3
4309	11
4314	1
4315	5
4316	5
4317	1
4318	10
4321	4
4323	2
4324	3
4325	1
4330	13
4333	13
4336	18
4337	5
4338	1
4339	10
4342	3
4345	10
4347	1
4348	20
4349	2
4351	3
4352	24
4353	3
4354	15
4357	20
4359	1
4360	4
4361	2
4363	9
4365	1
4366	4
4369	9
4372	9
4375	2
4377	2
4378	32
4380	1
4383	2
4384	9
4385	1
4387	1
4389	1
4390	18
4391	4
4393	9
4396	2
4397	1
4399	12
4401	5
4402	5
4405	5
4408	22
4409	2
4410	6
4411	14
4412	2
4414	11
4415	1
4417	32
4418	1
4420	10
4421	1
4423	14
4424	2
4426	28
4429	10
4431	1
4432	4
4433	7
4435	14
4436	24
4438	2
4439	18
4441	7
4443	2
4444	7
4445	9
4446	2
4447	18
4450	4
4453	7
4454	10
4455	4
4456	6
4458	2
4459	12
4461	1
4462	3
4463	15
4465	9
4471	1
4474	4
4477	11
4480	9
4481	6
4482	2
4483	16
4484	1
4486	11
4487	12
4488	2
4489	7
4491	1
4493	8
4495	20
4496	1
4498	15
4500	1
4502	2
4503	3
4504	13
4506	6
4507	2
4509	5
4510	2
4512	1
4513	4
4516	8
4517	2
4519	3
4520	1
4521	1
4522	9
4523	1
4524	7
4525	5
4526	1
4527	3
4528	16
4529	22
4530	1
4531	13
4532	2
4533	2
4534	2
4535	1
4536	1
4537	9
4539	3
4540	2
4543	24
4546	4
4549	7
4552	14
4553	16
4554	2
4555	5
4556	5
4557	2
4558	14
4559	2
4560	3
4561	3
4563	11
4564	1
4567	9
4568	1
4569	5
4570	9
4573	8
4576	7
4577	3
4579	4
4582	24
4583	1
4585	16
4588	22
4591	1
4594	22
4595	11
4596	2
4597	3
4599	1
4600	9
4603	1
4606	4
4607	13
4609	11
4610	6
4612	2
4615	18
4617	7
4618	7
4619	1
4620	1
4621	16
4624	10
4627	27
4630	9
4633	17
4636	5
4637	2
4639	20
4640	1
4642	37
4643	1
4644	2
4645	8
4646	1
4647	3
4648	11
4649	5
4650	2
4651	11
4654	16
4655	1
4657	11
4659	1
4660	13
4663	3
4670	1
4672	16
4675	16
4678	18
4679	2
4680	1
4681	10
4684	9
4685	2
4686	1
4687	8
4689	3
4690	14
4691	1
4692	1
4693	15
4695	3
4697	7
4698	1
4699	21
4700	1
4701	2
4702	3
4703	2
4705	9
4708	10
4710	1
4711	8
4712	15
4714	11
4717	5
4720	9
4722	3
4723	18
4728	1
4729	14
4730	1
4732	9
4733	3
4735	33
4736	1
4737	1
4738	3
4740	3
4741	12
4744	4
4745	14
4747	3
4748	8
4749	1
4750	12
4753	2
4756	16
4762	4
4765	17
4766	1
4769	1
4771	8
4772	10
4774	17
4775	5
4776	4
4777	5
4780	3
4781	6
4782	8
4783	16
4787	1
4788	5
4789	13
4790	6
4791	16
4792	18
4795	3
4797	2
4798	3
4799	3
4800	3
4801	4
4804	7
4807	3
4810	9
4811	2
4813	10
4816	13
4817	3
4819	4
4821	3
4822	6
4825	10
4826	2
4828	49
4830	4
4831	14
4834	12
4835	2
4837	34
4839	7
4840	8
4843	11
4846	19
4847	1
4849	10
4851	1
4852	10
4853	6
4854	10
4855	21
4856	1
4858	25
4861	26
4862	1
4863	11
4864	16
4867	25
4869	4
4870	3
4872	2
4873	14
4874	13
4875	3
4876	10
4879	4
4882	29
4883	2
4884	2
4885	8
4886	1
4888	13
4891	2
4894	20
4895	3
4897	7
4898	2
4900	13
4901	13
4903	8
4906	26
4909	27
4912	4
4915	21
4918	16
4921	3
4924	9
4927	6
4930	13
4931	1
4933	12
4934	1
4936	27
4937	3
4939	14
4940	1
4941	1
4942	15
4944	1
4945	2
4946	1
4947	2
4948	9
4949	4
4950	6
4951	24
4952	1
4953	1
4954	9
4955	4
4956	1
4958	4
4960	26
4961	2
4963	11
4964	8
4965	1
4966	15
4968	1
4969	9
4970	1
4971	1
4972	6
4973	1
4975	4
4978	5
4981	13
4982	1
4984	9
4987	1
4990	11
4991	2
4993	9
4996	7
4999	14
5002	19
5005	24
5006	1
5008	6
5010	1
5011	15
5014	8
5015	1
5017	17
5019	1
5020	5
5021	8
5023	30
5025	3
5026	7
5027	11
5028	4
5029	3
5030	2
5031	1
5032	3
5034	1
5035	3
5036	1
5037	1
5038	8
5040	1
5041	7
5042	3
5044	26
5045	8
5046	6
5047	3
5050	2
5053	9
5054	2
5055	1
5056	4
5059	10
5060	2
5061	1
5062	23
5063	1
5065	13
5066	1
5067	1
5068	8
5071	28
5073	9
5074	4
5077	8
5079	1
5080	6
5083	6
5084	8
5086	10
5089	1
5090	3
5092	1
5095	1
5098	12
5099	11
5101	13
5104	13
5107	2
5110	3
5113	14
5116	41
5119	4
5121	1
5122	5
5123	1
5124	1
5125	2
5126	1
5127	4
5128	5
5130	2
5131	21
5134	11
5137	7
5138	1
5140	9
5143	4
5144	1
5146	14
5148	1
5149	5
5152	6
5153	1
5154	1
5155	12
5157	1
5158	4
5160	1
5161	4
5162	6
5163	2
5164	17
5166	4
5167	17
5168	14
5170	5
5171	1
5173	42
5174	1
5176	11
5177	14
5179	9
5180	4
5182	20
5183	27
5184	1
5185	15
5186	1
5187	1
5188	18
5190	1
5191	15
5193	2
5194	3
5195	2
5197	15
5198	1
5200	16
5203	18
5206	18
5209	13
5210	1
5212	5
5214	2
5217	2
5218	5
5219	1
5220	2
5221	10
5222	1
5223	2
5224	14
5225	1
5226	1
5227	18
5230	13
5231	1
5233	4
5234	2
5235	1
5236	13
5237	1
5239	7
5240	2
5241	1
5242	1
5243	1
5244	2
5245	9
5246	1
5247	1
5248	23
5251	7
5254	6
5257	8
5260	4
5263	20
5265	1
5266	10
5267	2
5268	1
5269	2
5271	1
5272	6
5273	5
5274	4
5275	19
5276	1
5278	9
5279	1
5280	1
5281	8
5282	1
5283	12
5284	14
5286	1
5287	8
5290	2
5291	1
5292	2
5293	14
5294	1
5296	20
5299	19
5305	15
5307	2
5308	14
5310	2
5311	28
5312	1
5313	2
5314	18
5315	1
5316	1
5317	19
5318	1
5319	1
5320	20
5322	1
5323	1
5324	1
5326	18
5327	2
5328	2
5329	21
5330	15
5332	12
5335	15
5336	1
5338	14
5340	1
5341	5
5344	3
5347	6
5350	18
5352	1
5353	25
5356	12
5359	15
5363	2
5365	23
5366	1
5368	20
5373	1
5374	6
5377	4
5380	6
5383	21
5386	26
5389	26
5391	1
5392	6
5395	4
5396	4
5397	3
5398	14
5400	2
5401	17
5402	2
5405	1
5407	22
5409	1
5410	14
5413	3
5416	7
5418	1
5419	14
5422	14
5425	4
5428	8
5429	2
5430	1
5431	2
5434	7
5436	1
5437	27
5440	1
5443	4
5446	5
5447	1
5449	8
5450	1
5452	12
5454	1
5455	10
5456	1
5458	14
5461	28
5465	1
5466	1
5467	2
5470	15
5471	1
5473	17
5476	11
5477	1
5478	9
5479	6
5482	2
5485	17
5486	7
5487	8
5488	12
5491	6
5492	2
5494	11
5495	1
5497	9
5498	1
5499	1
5501	1
5502	2
5503	5
5506	21
5509	20
5512	4
5513	3
5514	10
5515	26
5518	14
5520	1
5521	5
5524	5
5527	6
5530	6
5532	9
5533	2
5536	15
5539	7
5542	20
5545	7
5548	5
5551	6
5556	5
5557	12
5558	1
5559	2
5560	4
5563	19
5564	13
5566	10
5569	22
5573	1
5575	16
5576	1
5578	14
5580	1
5581	21
5583	2
5584	20
5585	4
5586	3
5587	6
5590	36
5592	2
5593	6
5596	4
5597	1
5599	15
5605	17
5608	11
5611	3
5614	14
5617	35
5619	1
5620	3
5621	2
5623	4
5626	6
5628	2
5629	7
5632	12
5635	7
5638	11
5640	1
5641	6
5642	2
5643	1
5644	19
5645	9
5647	8
5648	1
5649	3
5650	5
5652	1
5653	9
5655	2
5656	15
5657	1
5659	12
5660	1
5662	4
5664	7
5665	8
5668	10
5669	5
5671	18
5674	5
5675	16
5677	7
5678	1
5680	13
5683	42
5684	1
5686	4
5689	17
5690	1
5692	6
5695	23
5696	1
5698	8
5699	1
5701	8
5704	10
5707	11
5710	8
5711	1
5713	9
5715	1
5716	1
5717	1
5718	2
5719	36
5720	1
5721	10
5722	13
5723	1
5725	21
5726	1
5730	1
5731	19
5733	1
5734	21
5737	24
5738	1
5740	13
5743	3
5746	4
5749	8
5752	15
5755	26
5758	4
5764	11
5767	13
5770	16
5772	1
5773	15
5774	6
5775	1
5776	12
5777	1
5778	1
5779	23
5781	2
5782	15
5785	4
5788	18
5791	1
5794	7
5797	5
5800	11
5801	3
5803	6
5806	9
5807	18
5809	5
5810	1
5812	7
5815	11
5816	2
5818	9
5821	2
5822	8
5823	3
5824	3
5827	7
5830	11
5831	1
5832	1
5833	17
5834	2
5835	1
5836	2
5839	7
5842	20
5845	22
5846	7
5848	11
5849	21
5851	11
5854	14
5857	2
5858	1
5859	1
5860	17
5863	1
5864	1
5866	6
5868	1
5869	5
5870	3
5872	15
5874	7
5875	7
5878	23
5881	10
5884	18
5885	1
5886	1
5887	14
5890	10
5893	7
5894	1
5896	1
5899	6
5900	1
5902	1
5903	3
5905	7
5907	4
5908	5
5909	3
5910	1
5911	5
5913	3
5914	9
5915	2
5916	3
5917	11
5918	1
5919	5
5920	20
5923	8
5926	1
5927	2
5929	6
5932	17
5935	6
5938	18
5939	9
5940	1
5941	24
5942	1
5944	15
5950	4
5953	2
5956	18
5957	8
5958	1
5959	10
5962	24
5964	2
5965	10
5968	4
5970	1
5971	11
5972	2
5974	18
5977	20
5978	1
5980	20
5983	12
5989	7
5992	2
5995	6
5998	4
6003	1
6004	9
6007	5
6008	1
6009	1
6010	34
6011	1
6013	34
6014	2
6015	1
6016	2
6018	1
6019	10
6022	9
6025	4
6026	1
6028	8
6029	1
6031	8
6034	28
6037	11
6040	1
6043	10
6046	15
6047	1
6048	1
6049	12
6050	1
6051	1
6052	12
6053	1
6055	21
6057	1
6058	7
6061	4
6062	3
6063	2
6064	9
6067	17
6068	1
6069	5
6070	11
6071	1
6073	4
6075	1
6076	6
6077	9
6079	1
6080	1
6082	21
6085	9
6086	1
6088	5
6090	2
6091	16
6094	2
6095	7
6097	10
6098	4
6100	5
6103	7
6106	6
6107	2
6109	6
6112	7
6115	3
6118	17
6120	1
6121	19
6123	1
6124	6
6127	10
6128	2
6129	1
6130	23
6131	1
6135	2
6136	2
6139	4
6142	6
6145	7
6146	7
6148	1
6151	13
6154	13
6158	11
6160	6
6163	16
6164	4
6165	1
6166	17
6169	4
6171	1
6172	16
6174	1
6175	9
6178	3
6181	2
6184	13
6185	3
6186	1
6187	25
6190	10
6193	8
6194	2
6195	1
6196	16
6199	16
6202	1
6203	1
6204	6
6205	8
6210	1
6211	16
6214	10
6215	3
6216	4
6217	28
6219	3
6220	12
6222	3
6223	4
6224	1
6225	1
6226	13
6228	1
6229	12
6232	11
6235	7
6238	5
6239	14
6241	6
6242	1
6243	1
6244	9
6245	1
6247	1
6250	13
6252	2
6253	1
6255	2
6256	21
6259	10
6262	3
6264	1
6265	14
6269	3
6270	1
6271	9
6272	1
6273	1
6274	13
6277	7
6278	1
6280	6
6282	1
6283	6
6284	1
6285	1
6286	6
6287	1
6288	1
6289	2
6291	1
6292	3
6293	21
6294	1
6295	16
6296	2
6297	1
6298	9
6299	2
6301	19
6302	1
6303	1
6304	4
6305	1
6306	1
6307	1
6308	19
6309	1
6310	11
6312	2
6313	17
6314	1
6315	1
6316	8
6317	1
6318	2
6321	1
6322	6
6323	1
6325	17
6328	8
6331	7
6334	2
6335	14
6336	1
6337	10
6340	17
6341	6
6343	7
6344	3
6346	17
6349	10
6350	1
6351	1
6352	43
6355	8
6358	3
6361	10
6362	1
6363	2
6364	6
6365	2
6366	1
6367	7
6368	1
6369	1
6370	2
6373	2
6375	2
6376	5
6378	1
6379	19
6380	14
6381	3
6382	13
6383	3
6384	1
6385	2
6386	6
6388	6
6390	1
6391	13
6392	20
6394	11
6396	1
6397	4
6398	24
6399	1
6400	13
6401	1
6403	9
6404	1
6406	2
6407	1
6408	2
6409	12
6411	3
6412	7
6413	2
6415	6
6418	3
6421	11
6423	1
6424	19
6425	11
6427	10
6428	3
6429	4
6430	4
6431	11
6432	8
6433	11
6435	16
6436	6
6439	7
6441	1
6442	6
6444	5
6445	16
6446	1
6447	2
6448	13
6449	15
6451	8
6454	20
6457	20
6458	11
6460	5
6461	2
6462	6
6463	21
6466	1
6467	13
6469	3
6472	15
6474	1
6475	21
6478	18
6479	1
6481	5
6484	6
6487	8
6490	8
6492	5
6493	2
6495	2
6496	13
6499	25
6501	3
6502	6
6505	18
6508	23
6509	5
6511	5
6514	8
6517	2
6518	18
6520	17
6523	3
6526	11
6529	14
6531	1
6532	2
6533	1
6535	3
6536	1
6538	11
6539	17
6540	5
6541	20
6542	2
6546	1
6547	17
6548	12
6550	10
6551	2
6552	1
6553	15
6554	17
6556	7
6559	3
6562	5
6564	3
6565	1
6566	20
6568	16
6571	6
6574	9
6577	3
6578	3
6579	2
6580	14
6582	6
6583	7
6584	18
6586	8
6589	15
6590	2
6592	13
6593	5
6595	6
6598	2
6601	4
6603	16
6604	15
6607	14
6608	17
6610	9
6613	31
6616	7
6617	2
6618	1
6619	2
6620	1
6621	1
6622	31
6624	2
6625	20
6628	11
6629	17
6631	11
6634	9
6637	13
6640	9
6641	2
6642	9
6643	10
6644	3
6646	9
6649	1
6652	14
6653	9
6654	24
6655	16
6656	14
6658	5
6659	12
6661	7
6665	4
6666	6
6667	8
6670	12
6671	3
6672	12
6673	8
6675	1
6676	11
6677	3
6679	16
6680	1
6681	2
6682	12
6685	10
6687	1
6691	1
6694	18
6697	14
6698	1
6700	10
6703	14
6704	2
6705	1
6706	2
6707	17
6709	13
6712	9
6715	17
6716	1
6718	23
6719	15
6721	10
6723	1
6726	1
6727	4
6728	16
6730	5
6733	25
6734	1
6736	9
6739	3
6740	1
6742	7
6743	1
6745	4
6748	19
6749	3
6750	3
6751	6
6754	12
6757	12
6760	7
6763	8
6766	10
6769	10
6772	19
6775	6
6776	20
6778	14
6781	4
6784	9
6787	12
6790	4
6793	1
6794	1
6796	23
6797	14
6798	1
6799	4
6800	12
6802	4
6803	1
6805	8
6806	6
6808	7
6810	2
6811	1
6812	15
6814	11
6815	5
6816	1
6817	3
6820	10
6823	6
6826	12
6828	1
6829	7
6832	8
6838	4
6839	18
6841	18
6842	19
6844	5
6847	6
6850	9
6853	4
6856	3
6858	3
6859	3
6860	1
6862	14
6863	6
6865	12
6866	2
6868	8
6871	11
6872	1
6874	13
6875	7
6876	1
6877	5
6878	3
6879	18
6880	16
6882	5
6883	19
6884	7
6885	12
6886	12
6887	1
6888	2
6889	4
6890	1
6891	5
6892	15
6894	3
6895	14
6896	1
6897	3
6898	15
6901	19
6902	5
6903	10
6904	30
6905	10
6906	1
6907	10
6908	1
6909	1
6910	4
6911	12
6913	6
6914	1
6916	13
6917	5
6919	13
6920	1
6922	7
6923	17
6925	11
6927	10
6928	9
6931	6
6934	6
6937	1
6940	6
6946	15
6949	10
6952	11
6955	7
6958	11
6961	13
6964	4
6967	7
6968	5
6970	33
6971	1
6973	18
6976	12
6979	13
6983	1
6988	9
6991	21
6992	2
6994	2
6997	11
7000	2
7001	1
7003	15
7004	2
7006	4
7007	3
7009	16
7012	3
7015	25
7016	1
7018	17
7021	21
7022	9
7024	7
7027	4
7030	13
7031	1
7033	16
7036	1
7038	1
7039	16
7042	5
7045	15
7046	1
7048	46
7050	1
7051	2
7052	8
7054	9
7060	2
7063	5
7064	4
7065	1
7066	21
7068	1
7069	9
7072	3
7073	1
7078	5
7079	1
7081	1
7084	21
7085	1
7086	2
7087	7
7088	2
7089	2
7090	1
7093	10
7094	3
7096	2
7099	5
7100	1
7102	14
7105	1
7106	1
7108	6
7111	10
7112	1
7114	16
7115	10
7117	6
7120	8
7122	1
7123	17
7124	2
7125	1
7126	22
7129	19
7130	1
7132	15
7135	9
7138	9
7139	1
7141	5
7142	10
7144	8
7147	11
7148	7
7150	7
7151	1
7152	9
7153	5
7154	1
7156	22
7157	5
7159	16
7160	1
7162	20
7163	11
7164	1
7165	5
7169	9
7171	5
7172	3
7173	8
7174	11
7175	2
7176	2
7177	21
7180	14
7183	18
7184	1
7186	15
7189	3
7192	6
7195	3
7198	19
7200	1
7201	2
7202	10
7204	7
7207	4
7210	8
7212	1
7213	8
7216	34
7219	9
7221	1
7222	4
7225	7
7228	17
7231	2
7234	3
7237	11
7240	5
7242	1
7243	20
7244	1
7246	17
7247	1
7248	1
7249	3
7250	1
7252	2
7253	1
7257	1
7258	4
7261	10
7263	1
7264	2
7266	1
7267	24
7268	8
7270	14
7273	10
7274	2
7276	8
7277	1
7279	13
7280	2
7281	1
7282	15
7283	3
7285	6
7286	1
7288	1
7291	14
7292	13
7294	7
7297	8
7300	11
7303	10
7304	1
7306	12
7309	7
7312	14
7313	4
7314	1
7315	10
7318	4
7319	1
7321	4
7324	10
7327	3
7330	9
7331	13
7333	9
7336	15
7339	7
7340	2
7346	12
7348	2
7349	16
7351	9
7355	8
7356	1
7357	17
7360	21
7361	1
7362	3
7363	4
7366	3
7369	5
7370	1
7372	20
7375	15
7376	15
7378	11
7382	3
7384	6
7387	49
7390	4
7394	1
7396	13
7397	11
7399	5
7400	2
7402	10
7405	7
7408	16
7411	11
7412	1
7414	11
7415	12
7417	12
7420	22
7423	11
7426	5
7428	1
7429	15
7430	12
7432	8
7433	1
7435	11
7436	1
7437	1
7438	16
7441	26
7445	5
7447	8
7450	3
7453	7
7456	9
7459	11
7461	5
7462	7
7463	1
7464	2
7465	10
7471	25
7474	12
7476	2
7477	15
7478	4
7479	7
7480	6
7483	14
7486	11
7489	10
7492	1
7493	3
7495	2
7498	15
7499	1
7501	14
7504	23
7506	1
7507	16
7510	8
7513	12
7516	9
7517	18
7518	1
7519	6
7522	3
7525	5
7528	14
7529	1
7530	1
7531	12
7532	8
7534	4
7537	11
7540	12
7543	8
7544	13
7546	16
7552	4
7553	2
7555	12
7556	15
7558	9
7560	2
7561	1
7562	1
7563	1
7564	2
7565	6
7567	12
7570	1
7571	1
7572	1
7573	4
7575	1
7576	46
7577	1
7578	2
7579	19
7580	2
7581	1
7582	13
7585	12
7588	3
7591	11
7594	6
7597	8
7598	24
7599	1
7600	7
7603	5
7606	9
7609	5
7614	1
7615	3
7618	3
7620	2
7621	9
7622	15
7624	13
7627	10
7630	4
7631	17
7633	4
7635	5
7636	10
7639	6
7640	11
7641	4
7642	2
7643	1
7645	3
7648	27
7649	3
7650	1
7651	9
7652	2
7653	15
7654	19
7657	20
7659	1
7660	7
7661	2
7662	6
7663	4
7666	7
7669	18
7672	23
7673	4
7674	5
7675	13
7678	8
7681	6
7682	2
7683	1
7684	18
7687	4
7688	4
7689	10
7690	22
7691	1
7692	1
7693	2
7694	1
7695	1
7696	20
7698	3
7699	9
7702	13
7705	8
7706	18
7708	30
7709	1
7710	2
7711	5
7714	5
7716	1
7717	4
7718	2
7719	5
7720	10
7721	2
7722	2
7723	5
7724	1
7725	2
7726	15
7728	4
7729	3
7730	1
7732	14
7735	4
7738	7
7741	8
7742	1
7743	3
7744	9
7745	1
7746	3
7747	12
7748	8
7750	16
7751	1
7752	7
7753	24
7756	4
7757	14
7759	9
7760	1
7762	5
7763	1
7766	1
7768	13
7771	5
7773	1
7774	7
7775	1
7777	10
7779	2
7780	11
7783	16
7786	6
7788	3
7789	9
7791	1
7792	11
7795	6
7798	10
7800	1
7801	3
7804	10
7805	4
7807	2
7809	2
7810	6
7813	18
7816	14
7819	6
7822	5
7825	3
7828	4
7830	2
7831	10
7833	2
7834	2
7835	2
7836	2
7837	2
7838	2
7839	1
7840	16
7843	17
7846	20
7849	24
7852	15
7853	12
7855	8
7857	1
7858	8
7860	2
7861	4
7862	1
7864	22
7865	2
7866	1
7867	9
7870	3
7873	7
7875	2
7876	29
7878	1
7879	3
7881	1
7882	39
7883	1
7885	9
7886	1
7887	2
7888	7
7890	2
7891	4
7893	1
7894	4
7895	3
7896	7
7897	9
7899	2
7900	10
7901	2
7902	3
7903	6
7904	1
7905	1
7906	11
7908	2
7909	11
7910	2
7912	16
7913	7
7915	10
7916	2
7918	5
7919	1
7922	1
7923	1
7924	6
7925	1
7927	16
7928	3
7930	4
7932	1
7933	4
7934	1
7937	1
7938	1
7939	6
7940	15
7941	1
7942	4
7943	2
7944	1
7945	17
7947	2
7948	24
7949	19
7950	1
7951	15
7952	26
7953	7
7954	11
7955	2
7957	22
7960	15
7962	5
7963	11
7966	15
7967	1
7968	4
7969	25
7972	16
7975	22
7976	8
7977	20
7978	8
7979	1
7981	6
7982	1
7983	2
7984	8
7987	9
7989	2
7990	3
7991	1
7993	3
7995	2
7996	23
7997	1
7999	17
8000	1
8002	14
8003	9
8005	9
8006	1
8008	3
8011	31
8014	9
8017	3
8020	8
8023	11
8025	1
8026	5
8027	1
8029	11
8031	2
8032	9
8035	6
8037	1
8038	30
8039	3
8041	1
8044	7
8045	1
8047	4
8050	4
8052	2
8053	1
8056	20
8057	14
8059	11
8062	16
8063	6
8064	2
8065	24
8066	7
8068	11
8070	3
8071	16
8076	1
8077	5
8080	7
8083	5
8087	2
8089	13
8090	3
8091	7
8092	2
8093	2
8094	2
8095	5
8097	1
8098	14
8099	1
8101	10
8104	20
8107	10
8108	4
8113	9
8114	8
8116	17
8117	29
8119	6
8122	7
8125	20
8128	17
8132	1
8133	1
8134	12
8135	2
8136	5
8137	13
8140	7
8141	1
8143	14
8144	1
8146	8
8147	2
8148	5
8149	32
8150	18
8152	6
8155	8
8156	3
8157	8
8158	16
8161	1
8164	3
8165	1
8167	11
8169	2
8170	3
8171	7
8173	8
8176	6
8178	1
8179	9
8183	10
8185	9
8187	2
8188	7
8189	3
8191	10
8193	1
8194	11
8197	5
8198	1
8200	20
8201	1
8202	1
8203	4
8204	1
8205	1
8206	1
8209	19
8212	40
8213	2
8215	22
8218	1
8221	3
8225	1
8227	21
8231	3
8232	1
8233	11
8236	3
8237	3
8239	7
8241	1
8242	7
8243	1
8245	10
8248	2
8251	11
8252	1
8254	9
8257	5
8260	8
8262	2
8263	9
8264	5
8266	10
8269	12
8275	2
8278	19
8279	1
8280	1
8281	1
8285	14
8287	10
8288	6
8290	9
8293	19
8294	5
8296	10
8297	1
8299	15
8302	4
8304	2
8305	1
8306	8
8307	8
8308	7
8311	17
8313	1
8314	7
8316	4
8317	10
8320	2
8322	1
8323	6
8325	1
8326	4
8329	7
8331	17
8332	2
8335	25
8338	3
8341	6
8342	16
8344	8
8345	1
8347	15
8348	3
8350	13
8352	1
8353	6
8355	1
8356	6
8357	2
8358	1
8359	6
8360	2
8361	2
8362	13
8365	10
8366	7
8367	4
8368	3
8369	2
8370	1
8371	8
8372	1
8374	4
8377	3
8378	1
8379	1
8380	10
8381	4
8382	4
8383	10
8384	5
8386	13
8388	1
8389	9
8390	12
8392	10
8393	1
8394	1
8395	29
8396	1
8398	18
8401	9
8404	15
8405	1
8406	1
8407	4
8410	4
8412	1
8413	3
8414	1
8416	10
8418	1
8419	19
8420	1
8422	4
8424	1
8425	5
8426	11
8427	3
8428	4
8430	1
8431	3
8434	34
8435	2
8436	2
8437	5
8439	2
8440	2
8441	1
8443	2
8446	1
8447	5
8449	7
8450	4
8452	1
8455	8
8457	1
8458	13
8461	15
8464	6
8467	3
8470	26
8472	1
8473	6
8476	3
8482	17
8485	13
8488	13
8491	3
8492	1
8494	5
8497	7
8500	6
8503	19
8505	7
8506	17
8507	5
8509	3
8510	1
8512	3
8513	1
8515	7
8516	1
8518	2
8519	1
8521	12
8524	3
8527	17
8533	15
8536	6
8539	17
8540	1
8542	13
8545	7
8546	2
8547	7
8548	1
8549	18
8550	1
8551	7
8554	10
8556	1
8557	12
8560	5
8561	1
8563	5
8569	6
8571	2
8572	32
8575	14
8576	2
8578	15
8580	1
8583	1
8584	15
8587	6
8590	5
8591	1
8592	4
8593	2
8594	1
8596	25
8602	10
8605	26
8608	37
8611	3
8614	12
8615	1
8617	17
8620	4
8623	5
8624	1
8625	1
8626	6
8629	7
8632	6
8635	35
8637	1
8638	5
8641	1
8644	3
8647	4
8650	12
8653	13
8655	1
8656	20
8657	2
8659	7
8662	7
8663	4
8664	11
8665	1
8666	3
8667	1
8668	12
8669	1
8670	1
8671	9
8672	4
8673	8
8674	10
8677	11
8680	8
8681	7
8682	9
8683	3
8686	5
8687	2
8689	22
8694	1
8695	16
8696	1
8698	8
8701	7
8703	7
8704	14
8705	2
8706	18
8707	7
8708	2
8711	14
8713	12
8715	1
8717	14
8718	5
8719	21
8720	3
8722	17
8723	2
8725	21
8727	1
8728	15
8731	4
8733	2
8734	20
8736	2
8737	10
8738	1
8739	3
8740	9
8743	10
8744	1
8746	4
8747	1
8748	1
8749	19
8752	22
8753	1
8755	3
8757	1
8758	3
8759	1
8760	1
8761	10
8762	1
8764	7
8765	1
8767	10
8768	1
8769	8
8770	3
8771	1
8772	6
8773	8
8776	6
8777	2
8779	26
8780	2
8781	1
8782	7
8783	1
8785	5
8787	3
8788	15
8789	2
8791	11
8793	2
8794	16
8795	3
8796	1
8797	15
8800	1
8803	6
8805	1
8806	7
8807	2
8808	1
8809	16
8810	11
8811	1
8812	3
8813	1
8815	10
8818	4
8820	1
8821	11
8823	1
8824	2
8830	6
8831	2
8833	8
8834	1
8835	1
8836	8
8837	1
8838	2
8839	6
8840	1
8842	10
8844	1
8845	7
8846	1
8847	2
8848	4
8849	1
8851	4
8854	8
8856	1
8857	13
8858	6
8859	5
8860	4
8861	2
8863	23
8865	1
8866	1
8867	4
8868	2
8869	22
8870	1
8871	2
8872	14
8873	1
8874	1
8875	5
8876	8
8877	7
8878	13
8879	3
8880	7
8881	2
8882	1
8884	3
8885	2
8887	12
8890	4
8893	19
8896	22
8898	1
8899	5
8900	1
8901	1
8902	7
8905	3
8907	2
8908	7
8911	10
8912	1
8913	1
8914	19
8915	1
8916	1
8917	12
8918	1
8920	9
8922	2
8923	14
8926	11
8929	17
8931	1
8933	1
8938	23
8940	1
8941	8
8942	1
8943	1
8944	3
8945	4
8946	2
8947	12
8949	3
8950	9
8951	3
8952	2
8953	42
8954	18
8956	12
8958	1
8959	2
8960	2
8961	2
8962	14
8963	1
8965	18
8968	4
8970	2
8971	14
8974	8
8975	1
8976	2
8977	6
8979	1
8980	6
8982	1
8983	24
8986	9
8988	1
8989	3
8991	1
8992	1
8995	1
8997	1
8998	5
8999	1
9005	14
9007	5
9010	5
9013	7
9016	11
9019	13
9020	9
9022	5
9025	11
9028	27
9031	8
9034	9
9037	8
9040	23
9043	13
9046	7
9049	13
9052	4
9055	19
9058	10
9064	10
9066	1
9067	18
9068	1
9070	3
9071	2
9072	1
9073	8
9076	11
9080	6
9082	7
9085	13
9088	2
9091	8
9092	1
9094	8
9097	3
9100	4
9103	2
9104	1
9105	1
9106	16
9107	1
9108	1
9109	11
9111	7
9112	2
9115	12
9118	8
9121	20
9124	1
9125	1
9127	24
9128	1
9130	3
9133	10
9134	1
9136	4
9140	1
9141	3
9142	6
9145	8
9146	5
9148	11
9151	14
9153	1
9154	8
9155	3
9156	5
9157	36
9158	2
9160	1
9163	8
9166	12
9167	1
9169	4
9172	19
9173	1
9175	2
9176	1
9178	16
9181	10
9185	1
9186	1
9187	28
9190	7
9191	1
9193	12
9194	5
9199	6
9202	8
9205	3
9208	27
9209	1
9210	1
9211	28
9212	3
9213	5
9214	10
9216	1
9217	5
9220	6
9221	1
9223	18
9225	8
9226	5
9227	1
9229	20
9230	5
9231	1
9232	15
9233	3
9234	1
9235	15
9236	4
9238	12
9242	1
9243	1
9244	7
9245	4
9246	2
9247	26
9248	8
9249	1
9250	7
9253	12
9256	14
9257	9
9258	5
9259	12
9260	17
9262	9
9265	46
9266	3
9267	7
9268	14
9269	5
9271	4
9274	18
9277	18
9278	1
9279	1
9280	9
9281	10
9283	8
9286	17
9288	1
9289	12
9292	6
9294	2
9295	33
9297	1
9298	13
9300	1
9301	5
9304	14
9307	6
9310	11
9312	1
9313	6
9316	2
9319	3
9320	3
9321	3
9322	13
9324	3
9325	3
9326	1
9327	6
9328	6
9331	4
9333	3
9334	21
9337	4
9343	6
9344	2
9345	2
9346	23
9347	2
9348	5
9349	6
9350	5
9352	15
9355	8
9357	1
9358	7
9360	2
9361	14
9364	2
9366	1
9367	2
9368	2
9370	7
9373	16
9376	16
9379	9
9382	21
9385	2
9388	13
9391	8
9392	1
9393	1
9394	17
9395	10
9397	15
9398	1
9400	26
9403	15
9406	8
9407	1
9408	1
9409	22
9410	1
9412	13
9414	1
9415	2
9417	4
9418	11
9420	9
9421	17
9424	6
9425	8
9427	6
9428	2
9429	1
9431	1
9433	4
9435	2
9436	13
9442	7
9443	2
9444	1
9445	11
9448	9
9449	5
9450	7
9451	2
9452	2
9453	1
9454	8
9457	12
9458	10
9459	31
9460	9
9461	4
9462	2
9463	18
9464	1
9465	6
9466	17
9469	4
9470	28
9472	9
9474	1
9475	9
9476	1
9477	10
9478	14
9479	7
9480	2
9481	16
9482	3
9483	2
9484	19
9485	14
9486	1
9487	10
9488	6
9490	19
9491	20
9492	9
9493	8
9495	2
9496	8
9498	16
9499	11
9500	9
9501	3
9502	15
9503	11
9504	6
9505	9
9509	20
9511	9
9512	19
9513	23
9514	8
9515	1
9516	2
9517	10
9518	24
9519	3
9520	8
9522	1
9523	21
9524	8
9525	16
9526	21
9527	1
9529	9
9530	1
9532	5
9533	6
9535	12
9537	9
9538	5
9539	1
9540	2
9541	5
9542	1
9543	1
9545	1
9546	1
9547	4
9550	22
9553	17
9556	1
9559	3
9562	13
9565	20
9568	10
9570	1
9571	6
9574	4
9577	3
9578	5
9579	8
9580	4
9583	9
9584	4
9586	20
9589	8
9592	17
9595	19
9596	8
9597	3
9598	1
9599	2
9600	1
9601	10
9602	9
9604	12
9605	2
9606	5
9607	8
9608	2
9609	1
9610	12
9611	12
9613	11
9616	6
9618	1
9619	25
9620	1
9623	1
9625	12
9627	1
9628	6
9629	6
9630	1
9631	23
9632	1
9634	11
9637	5
9640	24
9641	3
9642	3
9643	1
9644	1
9645	2
9646	17
9649	6
9652	1
9655	10
9658	21
9659	1
9661	17
9664	2
9667	1
9671	1
9672	1
9673	3
9676	11
9679	1
9680	2
9681	2
9682	8
9685	9
9687	1
9688	7
9689	1
9691	19
9692	1
9694	13
9697	16
9700	5
9703	7
9706	12
9708	1
9709	15
9712	12
9715	7
9716	18
9717	1
9718	9
9719	6
9720	4
9721	31
9727	10
9730	7
9732	1
9733	7
9734	1
9736	10
9738	1
9739	16
9740	2
9742	1
9745	6
9748	4
9751	5
9754	12
9757	17
9759	1
9760	9
9761	1
9763	3
9766	3
9767	1
9769	8
9770	1
9771	1
9772	19
9773	1
9774	1
9775	13
9778	10
9781	10
9784	10
9785	1
9790	26
9793	5
9796	6
9799	18
9800	1
9801	1
9802	14
9805	3
9809	4
9811	7
9812	19
9814	7
9816	1
9817	3
9820	4
9821	1
9823	14
9826	7
9829	14
9830	6
9831	1
9832	9
9833	1
9834	1
9835	10
9838	4
9841	7
9844	14
9847	6
9850	4
9854	2
9859	4
9860	12
9862	2
9868	14
9871	5
9874	16
9876	1
9877	5
9880	2
9882	1
9883	9
9884	10
9886	8
9889	1
9890	16
9892	27
9895	25
9896	1
9897	1
9898	22
9901	13
9903	1
9904	33
9905	2
9906	1
9907	12
9908	2
9909	1
9910	17
9913	5
9915	1
9916	25
9917	3
9918	3
9919	12
9921	1
9922	4
9923	6
9924	5
9925	6
9926	8
9927	1
9928	26
9929	1
9932	9
9934	13
9937	3
9938	1
9939	2
9940	12
9943	11
9946	14
9949	14
9951	1
9952	24
9958	14
9961	4
9964	9
9967	4
9970	20
9973	23
9976	6
9985	9
9988	1
9989	1
9991	4
9992	3
9994	17
9998	18
10000	12
10002	1
10003	2
10006	17
10012	16
10014	1
10015	8
10018	24
10024	1
10027	7
10030	5
10031	1
10033	9
10036	1
10043	3
10045	13
10046	4
10047	1
10048	20
10051	10
10052	3
10053	1
10054	19
10055	9
10056	8
10057	23
10058	12
10060	15
10061	2
10062	1
10063	15
10064	1
10065	1
10066	25
10070	2
10071	16
10072	6
10073	1
10075	12
10076	2
10077	1
10078	6
10081	4
10084	18
10085	20
10087	8
10090	58
10093	5
10096	7
10099	3
10102	19
10103	1
10104	1
10105	10
10109	1
10111	5
10114	6
10117	15
10118	12
10120	11
10126	11
10127	5
10128	1
10129	13
10130	1
10132	4
10133	2
10135	16
10136	3
10138	10
10139	1
10141	12
10144	10
10150	14
10151	1
10152	1
10153	24
10156	15
10161	1
10162	6
10164	1
10165	36
10168	20
10169	4
10171	1
10172	1
10173	4
10174	14
10176	3
10177	9
10178	3
10180	3
10181	2
10182	1
10183	5
10184	2
10185	5
10186	10
10187	9
10189	20
10190	4
10192	13
10195	7
10196	1
10197	3
10198	8
10200	1
10201	8
10203	7
10204	17
10207	13
10208	17
10209	7
10210	11
10213	21
10214	1
10215	3
10216	21
10218	1
10220	3
10221	4
10222	2
10223	1
10225	5
10230	1
10231	7
10234	7
10237	12
10238	1
10239	2
10240	9
10242	3
10243	13
10246	3
10247	3
10248	2
10249	9
10250	2
10251	1
10252	14
10253	11
10254	5
10255	25
10257	2
10258	2
10261	21
10262	1
10263	4
10264	6
10265	3
10267	8
10269	2
10272	18
10273	2
10274	6
10275	28
10276	16
10277	2
10278	2
10279	10
10280	8
10281	16
10282	4
10283	16
10284	16
10285	29
10286	2
10287	19
10288	15
10289	12
10290	4
10291	12
10292	22
10293	4
10294	4
10296	17
10297	12
10298	10
10299	7
10300	2
10301	4
10302	22
10303	12
10304	5
10305	23
10306	9
10307	4
10308	6
10309	21
10310	20
10311	6
10312	4
10313	3
10314	18
10315	4
10316	7
10317	10
10318	18
10319	22
10320	8
10321	5
10322	5
10323	2
10324	1
10325	1
10326	1
10327	1
10328	1
10329	1
10332	1
10333	10
10334	9
10335	4
10336	4
10337	6
10338	3
10339	1
10340	1
10342	2
10344	1
10345	2
10347	31
10348	2
10350	1
10351	1
10352	10
10353	3
10354	2
10355	8
10356	1
10357	3
10364	1
10368	1
10370	1
10372	1
10374	1
10377	1
10381	22
10382	3
10383	1
10388	1
10390	7
10392	1
10394	12
10396	2
10398	1
10406	2
10407	4
10408	2
10413	1
10416	2
10417	13
10418	2
10419	13
10421	1
10423	2
10424	1
10425	1
10426	9
10428	1
10433	1
10437	1
10440	15
10441	2
10446	1
10447	2
10449	2
10450	1
10453	1
10455	2
10456	1
10458	2
10459	1
10460	10
10461	9
10462	11
10463	12
10464	3
10465	3
10466	15
10467	1
10468	4
10470	5
10471	1
10472	1
10473	5
10474	3
10475	6
10476	10
10477	2
10478	7
10479	16
10480	9
10481	4
10482	3
10483	3
10484	2
10486	3
10487	6
10489	5
10490	4
10491	2
10492	2
10493	4
10494	3
10495	5
10497	6
10501	4
10502	2
10503	5
10504	5
10505	2
10506	11
10507	5
10509	8
10510	6
10511	10
10512	9
10513	8
10514	19
10515	6
10516	4
10517	4
10518	7
10519	6
10520	2
10521	7
10522	7
10523	6
10524	7
10525	7
10526	3
10527	4
10528	3
10529	7
10530	2
10531	6
10532	6
10533	8
10534	11
10535	26
10536	9
10537	19
10538	4
10539	13
10540	5
10541	30
10542	8
10543	13
10544	5
10545	2
10546	5
10547	8
10548	9
10549	7
10550	6
10551	14
10552	7
10553	4
10554	7
10555	7
10556	6
10557	7
10558	7
10559	5
10560	8
10561	5
10562	9
10563	14
10564	11
10565	8
10566	13
10567	8
10568	10
10569	18
10570	10
10571	10
10572	1
10573	2
10574	5
10575	3
10576	6
10577	8
10578	4
10579	15
10580	8
10581	21
10582	2
10583	6
10584	10
10585	14
10586	5
10587	7
10588	14
10589	7
10590	8
10591	7
10592	1
10593	7
10594	5
10595	7
10596	6
10597	6
10598	7
10599	7
10600	3
10601	3
10602	8
10603	10
10604	7
10605	9
10606	8
10607	9
10608	7
10609	9
10610	2
10611	6
10612	1
10613	7
10614	1
10615	3
10616	7
10617	11
10618	4
10619	11
10620	35
10621	9
10622	10
10623	12
10624	8
10625	3
10626	28
10627	11
10628	3
10629	1
10630	1
10631	4
10632	7
10633	4
10634	4
10635	4
10636	9
10637	8
10638	6
10639	5
10640	7
10641	8
10642	5
10643	7
10644	6
10645	4
10646	8
10647	8
10648	11
10649	16
10650	6
10651	5
10652	9
10653	9
10654	6
10655	8
10656	10
10657	3
10658	7
10659	5
10660	4
10661	5
10662	4
10663	6
10664	4
10665	5
10666	2
10667	4
10668	9
10669	6
10670	4
10671	4
10672	13
10673	12
10674	7
10675	6
10676	3
10677	1
10678	6
10679	11
10680	2
10681	4
10682	5
10683	14
10684	5
10685	11
10686	12
10687	7
10688	4
10689	11
10690	7
10691	12
10692	13
10693	14
10694	6
10695	15
10696	10
10697	8
10698	7
10699	3
10700	7
10701	22
10702	9
10703	8
10704	12
10705	10
10706	11
10707	10
10708	29
10709	8
10710	23
10711	7
10712	5
10713	12
10714	11
10715	12
10716	12
10717	31
10718	6
10719	2
10720	6
10721	3
10722	6
10723	8
10724	10
10725	7
10726	6
10727	14
10728	10
10729	14
10730	8
10731	10
10732	9
10733	7
10734	9
10735	7